claim_id,member_id,ndc,date_of_service,quantity,days_supply,drug_cost,plan_type
CLM001,1234567890,08328600301,2025-10-15,30,30,150.00,commercial
CLM002,9876543210,08328600301,2025-10-20,60,30,200.00,medicare
CLM003,1111111111,08328600301,2025-11-01,90,90,75.00,medicaid

CLM004,999,07815006001,2025-10-10,120,30,300.00,commercial
CLM005,2222222222,00093092610,2025-09-15,0,10,50.00,commercial
CLM006,3333333333,08328600301,2025-09-01,45,100,120.00,medicare

CLM007,4444444444,00093092606,2025-12-31,-5,0,500.00,commercial
CLM008,5555555555,08328600301,2025-11-20,30,10,0.00,medicaid
CLM009,6666666666,08328600301,2026-01-15,5,10,-20.00,medicare

CLM010,7777777777,00069040001,2025-10-05,300,30,1000.00,commercial
CLM011,8888888888,1234567890,2025-10-10,10,30,25.00,medicare
CLM012,9999999999,08328600301,2025-12-01,15,5,40.00,commercial

CLM013,1231231231,08328600301,2025-10-20,10,2,5.00,medicaid
CLM014,3213213210,08328600301,2025-09-15,50,15,200.00,commercial
CLM015,111111111,07815006001,2025-10-12,30,30,150.00,commercial

CLM016,2222222222,12345678,2026-01-10,20,10,50.00,medicare
CLM017,3333333333,08328600301,2025-11-01,120,30,0.00,commercial
CLM018,4444444444,08328600301,2026-02-01,30,0,60.00,medicaid

CLM019,5555555555,08328600301,2025-11-15,25,5,100.00,medicare
CLM020,6666666666,08328600301,2025-10-05,10,20,80.00,commercial


CLM021,,08328600301,2025-10-15,30,30,150.00,commercial
CLM022,1234567890,,2025-10-20,90,30,200.00,medicare
CLM023,1111111111,08328600301,,60,90,75.00,medicaid
CLM024,1231231231,08328600301,2025-10-20,10,,5.00,medicaid
CLM025,3213213210,00093092606,2025-09-15,50,15,,commercial
CLM026,5555555555,70518019400,2025-11-20,30,10,60.00,

